"filename", "language", "Java", "Markdown", "Java Properties", "HTML", "JavaScript", "PostCSS", "XML", "Batch", "comment", "blank", "total"
"/Users/ryllis/IdeaProjects/chat/.mvn/wrapper/maven-wrapper.properties", "Java Properties", 0, 0, 3, 0, 0, 0, 0, 0, 0, 1, 4
"/Users/ryllis/IdeaProjects/chat/APIdoc.md", "Markdown", 0, 230, 0, 0, 0, 0, 0, 0, 0, 50, 280
"/Users/ryllis/IdeaProjects/chat/README_RUN.md", "Markdown", 0, 86, 0, 0, 0, 0, 0, 0, 0, 35, 121
"/Users/ryllis/IdeaProjects/chat/User.md", "Markdown", 0, 19, 0, 0, 0, 0, 0, 0, 0, 18, 37
"/Users/ryllis/IdeaProjects/chat/mvnw.cmd", "Batch", 0, 0, 0, 0, 0, 0, 0, 139, 26, 25, 190
"/Users/ryllis/IdeaProjects/chat/pom.xml", "XML", 0, 0, 0, 0, 0, 0, 121, 0, 2, 5, 128
"/Users/ryllis/IdeaProjects/chat/src/main/java/com/example/chat/ChatApplication.java", "Java", 9, 0, 0, 0, 0, 0, 0, 0, 0, 5, 14
"/Users/ryllis/IdeaProjects/chat/src/main/java/com/example/chat/common/model/Group.java", "Java", 24, 0, 0, 0, 0, 0, 0, 0, 1, 8, 33
"/Users/ryllis/IdeaProjects/chat/src/main/java/com/example/chat/common/model/Message.java", "Java", 26, 0, 0, 0, 0, 0, 0, 0, 4, 6, 36
"/Users/ryllis/IdeaProjects/chat/src/main/java/com/example/chat/common/model/User.java", "Java", 29, 0, 0, 0, 0, 0, 0, 0, 7, 15, 51
"/Users/ryllis/IdeaProjects/chat/src/main/java/com/example/chat/common/packet/WsRequest.java", "Java", 8, 0, 0, 0, 0, 0, 0, 0, 0, 2, 10
"/Users/ryllis/IdeaProjects/chat/src/main/java/com/example/chat/common/packet/WsResponse.java", "Java", 16, 0, 0, 0, 0, 0, 0, 0, 1, 5, 22
"/Users/ryllis/IdeaProjects/chat/src/main/java/com/example/chat/config/AppConfig.java", "Java", 25, 0, 0, 0, 0, 0, 0, 0, 7, 6, 38
"/Users/ryllis/IdeaProjects/chat/src/main/java/com/example/chat/config/AuthHandshakeInterceptor.java", "Java", 28, 0, 0, 0, 0, 0, 0, 0, 12, 9, 49
"/Users/ryllis/IdeaProjects/chat/src/main/java/com/example/chat/config/WebSocketConfig.java", "Java", 19, 0, 0, 0, 0, 0, 0, 0, 2, 4, 25
"/Users/ryllis/IdeaProjects/chat/src/main/java/com/example/chat/handler/ChatHandler.java", "Java", 109, 0, 0, 0, 0, 0, 0, 0, 29, 19, 157
"/Users/ryllis/IdeaProjects/chat/src/main/java/com/example/chat/handler/HandlerRegistry.java", "Java", 37, 0, 0, 0, 0, 0, 0, 0, 26, 10, 73
"/Users/ryllis/IdeaProjects/chat/src/main/java/com/example/chat/handler/action/ActionHandler.java", "Java", 6, 0, 0, 0, 0, 0, 0, 0, 8, 1, 15
"/Users/ryllis/IdeaProjects/chat/src/main/java/com/example/chat/handler/action/BaseActionHandler.java", "Java", 40, 0, 0, 0, 0, 0, 0, 0, 21, 11, 72
"/Users/ryllis/IdeaProjects/chat/src/main/java/com/example/chat/handler/action/impl/Accept_FriendRequestHandler.java", "Java", 66, 0, 0, 0, 0, 0, 0, 0, 8, 17, 91
"/Users/ryllis/IdeaProjects/chat/src/main/java/com/example/chat/handler/action/impl/Create_GroupHandler.java", "Java", 89, 0, 0, 0, 0, 0, 0, 0, 13, 20, 122
"/Users/ryllis/IdeaProjects/chat/src/main/java/com/example/chat/handler/action/impl/Delete_FriendHandler.java", "Java", 89, 0, 0, 0, 0, 0, 0, 0, 13, 22, 124
"/Users/ryllis/IdeaProjects/chat/src/main/java/com/example/chat/handler/action/impl/Dissolve_GroupHandler.java", "Java", 94, 0, 0, 0, 0, 0, 0, 0, 13, 22, 129
"/Users/ryllis/IdeaProjects/chat/src/main/java/com/example/chat/handler/action/impl/Get_FriendRequestsHandler.java", "Java", 38, 0, 0, 0, 0, 0, 0, 0, 5, 12, 55
"/Users/ryllis/IdeaProjects/chat/src/main/java/com/example/chat/handler/action/impl/Get_FriendsHandler.java", "Java", 69, 0, 0, 0, 0, 0, 0, 0, 9, 15, 93
"/Users/ryllis/IdeaProjects/chat/src/main/java/com/example/chat/handler/action/impl/Get_GroupMembersHandler.java", "Java", 58, 0, 0, 0, 0, 0, 0, 0, 7, 15, 80
"/Users/ryllis/IdeaProjects/chat/src/main/java/com/example/chat/handler/action/impl/Get_GroupsHandler.java", "Java", 62, 0, 0, 0, 0, 0, 0, 0, 10, 16, 88
"/Users/ryllis/IdeaProjects/chat/src/main/java/com/example/chat/handler/action/impl/Get_HistoryHandler.java", "Java", 92, 0, 0, 0, 0, 0, 0, 0, 14, 16, 122
"/Users/ryllis/IdeaProjects/chat/src/main/java/com/example/chat/handler/action/impl/HeartbeatHandler.java", "Java", 17, 0, 0, 0, 0, 0, 0, 0, 4, 4, 25
"/Users/ryllis/IdeaProjects/chat/src/main/java/com/example/chat/handler/action/impl/Join_GroupHandler.java", "Java", 56, 0, 0, 0, 0, 0, 0, 0, 7, 15, 78
"/Users/ryllis/IdeaProjects/chat/src/main/java/com/example/chat/handler/action/impl/Kick_GroupUserHandler.java", "Java", 135, 0, 0, 0, 0, 0, 0, 0, 21, 29, 185
"/Users/ryllis/IdeaProjects/chat/src/main/java/com/example/chat/handler/action/impl/Leave_GroupHandler.java", "Java", 90, 0, 0, 0, 0, 0, 0, 0, 15, 22, 127
"/Users/ryllis/IdeaProjects/chat/src/main/java/com/example/chat/handler/action/impl/LoginHandler.java", "Java", 108, 0, 0, 0, 0, 0, 0, 0, 28, 29, 165
"/Users/ryllis/IdeaProjects/chat/src/main/java/com/example/chat/handler/action/impl/Msg_ReactHandler.java", "Java", 168, 0, 0, 0, 0, 0, 0, 0, 53, 44, 265
"/Users/ryllis/IdeaProjects/chat/src/main/java/com/example/chat/handler/action/impl/Mute_GroupUserHandler.java", "Java", 91, 0, 0, 0, 0, 0, 0, 0, 11, 21, 123
"/Users/ryllis/IdeaProjects/chat/src/main/java/com/example/chat/handler/action/impl/Recall_MsgHandler.java", "Java", 147, 0, 0, 0, 0, 0, 0, 0, 48, 39, 234
"/Users/ryllis/IdeaProjects/chat/src/main/java/com/example/chat/handler/action/impl/Reject_FriendRequestHandler.java", "Java", 44, 0, 0, 0, 0, 0, 0, 0, 4, 13, 61
"/Users/ryllis/IdeaProjects/chat/src/main/java/com/example/chat/handler/action/impl/Send_FriendRequestHandler.java", "Java", 70, 0, 0, 0, 0, 0, 0, 0, 8, 18, 96
"/Users/ryllis/IdeaProjects/chat/src/main/java/com/example/chat/handler/action/impl/Send_GroupHandler.java", "Java", 97, 0, 0, 0, 0, 0, 0, 0, 12, 22, 131
"/Users/ryllis/IdeaProjects/chat/src/main/java/com/example/chat/handler/action/impl/Send_PrivateHandler.java", "Java", 73, 0, 0, 0, 0, 0, 0, 0, 12, 18, 103
"/Users/ryllis/IdeaProjects/chat/src/main/java/com/example/chat/handler/action/impl/Set_GroupAdminHandler.java", "Java", 86, 0, 0, 0, 0, 0, 0, 0, 13, 20, 119
"/Users/ryllis/IdeaProjects/chat/src/main/java/com/example/chat/repository/DataCenter.java", "Java", 13, 0, 0, 0, 0, 0, 0, 0, 4, 6, 23
"/Users/ryllis/IdeaProjects/chat/src/main/java/com/example/chat/service/MessageService.java", "Java", 6, 0, 0, 0, 0, 0, 0, 0, 1, 2, 9
"/Users/ryllis/IdeaProjects/chat/src/main/java/com/example/chat/service/UserService.java", "Java", 27, 0, 0, 0, 0, 0, 0, 0, 5, 13, 45
"/Users/ryllis/IdeaProjects/chat/src/main/java/com/example/chat/service/impl/MessageServiceImpl.java", "Java", 70, 0, 0, 0, 0, 0, 0, 0, 18, 23, 111
"/Users/ryllis/IdeaProjects/chat/src/main/java/com/example/chat/service/impl/UserServiceImpl.java", "Java", 322, 0, 0, 0, 0, 0, 0, 0, 41, 72, 435
"/Users/ryllis/IdeaProjects/chat/src/main/java/com/example/chat/util/SensitiveWordFilter.java", "Java", 123, 0, 0, 0, 0, 0, 0, 0, 43, 32, 198
"/Users/ryllis/IdeaProjects/chat/src/main/resources/application.properties", "Java Properties", 0, 0, 4, 0, 0, 0, 0, 0, 5, 5, 14
"/Users/ryllis/IdeaProjects/chat/src/main/resources/static/app.js", "JavaScript", 0, 0, 0, 0, 1798, 0, 0, 0, 285, 253, 2336
"/Users/ryllis/IdeaProjects/chat/src/main/resources/static/index.html", "HTML", 0, 0, 0, 155, 0, 0, 0, 0, 21, 16, 192
"/Users/ryllis/IdeaProjects/chat/src/main/resources/static/style.css", "PostCSS", 0, 0, 0, 0, 0, 868, 0, 0, 14, 154, 1036
"/Users/ryllis/IdeaProjects/chat/src/test/java/com/example/chat/ChatApplicationTests.java", "Java", 9, 0, 0, 0, 0, 0, 0, 0, 0, 5, 14
"/Users/ryllis/IdeaProjects/chat/test-client.html", "HTML", 0, 0, 0, 294, 0, 0, 0, 0, 0, 31, 325
"/Users/ryllis/IdeaProjects/chat/websocket-json-tests.md", "Markdown", 0, 504, 0, 0, 0, 0, 0, 0, 0, 102, 606
"/Users/ryllis/IdeaProjects/chat/使用文档.md", "Markdown", 0, 463, 0, 0, 0, 0, 0, 0, 0, 151, 614
"/Users/ryllis/IdeaProjects/chat/前端使用说明.md", "Markdown", 0, 118, 0, 0, 0, 0, 0, 0, 0, 39, 157
"/Users/ryllis/IdeaProjects/chat/功能分析与测试指南.md", "Markdown", 0, 486, 0, 0, 0, 0, 0, 0, 0, 124, 610
"/Users/ryllis/IdeaProjects/chat/敏感词过滤功能说明.md", "Markdown", 0, 286, 0, 0, 0, 0, 0, 0, 0, 88, 374
"/Users/ryllis/IdeaProjects/chat/群聊功能完整测试步骤.md", "Markdown", 0, 468, 0, 0, 0, 0, 0, 0, 0, 134, 602
"Total", "-", 2785, 2660, 7, 449, 1798, 868, 121, 139, 911, 1934, 11672